Name,mobileNumber
Name_0,675827096906
Name_1,329431045866
Name_2,326958816089
Name_3,469352310242
Name_4,399047722412
Name_5,598425214788
Name_6,105098981089
Name_7,781030749033
Name_8,82445235786
Name_9,609305960355
Name_10,637352267526
Name_11,686185395822
Name_12,170557804129
Name_13,443889967729
Name_14,268754711951
Name_15,47610909841
Name_16,34506796508
Name_17,672037221273
Name_18,59840569519
Name_19,718682655984
Name_20,212385089112
Name_21,100783979321
Name_22,428754652296
Name_23,510666760969
Name_24,367993490789
Name_25,493492639221
Name_26,721594857039
Name_27,626413876065
Name_28,914276331521
Name_29,100145554876
Name_30,840203364359
Name_31,694865099983
Name_32,273838336071
Name_33,19826604056
Name_34,936540879671
Name_35,27420541825
Name_36,547590996185
Name_37,89127980593
Name_38,94405945272
Name_39,310524763837
Name_40,281103262459
Name_41,857245770408
Name_42,827614593677
Name_43,887383984542
Name_44,466325348978
Name_45,453718993482
Name_46,701822532193
Name_47,673746575199
Name_48,5187237905
Name_49,478163583359
Name_50,65289953656
Name_51,239028005743
Name_52,480923685283
Name_53,665785056487
Name_54,587321810143
Name_55,901331679043
Name_56,832358987867
Name_57,664024831826
Name_58,163277136017
Name_59,224261772467
Name_60,985750226164
Name_61,358572332084
Name_62,609103772371
Name_63,290590838149
Name_64,793544265183
Name_65,90608251339
Name_66,352742196293
Name_67,451607786132
Name_68,831259988633
Name_69,124262708943
Name_70,578254365797
Name_71,739204574095
Name_72,336824922328
Name_73,600189468089
Name_74,644857748129
Name_75,967465383319
Name_76,827863151844
Name_77,603216391358
Name_78,504799892911
Name_79,360058424608
Name_80,972891423189
Name_81,906539147791
Name_82,903500289774
Name_83,302517113454
Name_84,240835635407
Name_85,953791913458
Name_86,806799098904
Name_87,557804212294
Name_88,913117062075
Name_89,304639779421
Name_90,99543528798
Name_91,683036457326
Name_92,720658841483
Name_93,319340157715
Name_94,192172749833
Name_95,96302367742
Name_96,534046428053
Name_97,550957659933
Name_98,70008760405
Name_99,675401049774
